Model,PCB No,Part code,V? trí
S60T,ABEXH9715-741A,WMC200033-0002,U206
S60T,ABEXH9715-741A,WMC200033-0002,U205
S60T,ABEXH9715-741A,WMC200033-0002,U204
S60T,ABEXH9715-741A,WMC200033-0002,U203
S60T,ABEXH9715-741A,WMC200033-0002,U202
S60T,ABEXH9715-741A,WMC200033-0002,U201
S60T,ABEXH9715-741A,SCB020121-3000,BD202
S60T,ABEXH9715-741A,SCB020121-3000,BD201
S60T,ABEXH9715-741A,RCU160855-5001,VT801
S60T,ABEXH9715-741A,RCU160855-5001,VT802
S60T,ABEXH9715-741A,RCU160855-5001,VT804
S60T,ABEXH9715-741A,RCU160855-5001,VT803
S60T,ABEXH9715-741A,RCDX40600-1786,D204
S60T,ABEXH9715-741A,RCDX40600-1786,D203
S60T,ABEXH9715-741A,RCDX40600-1786,D202
S60T,ABEXH9715-741A,RCDX40600-1786,D201
S60T,ABEXH9715-741A,RCDX40600-1786,D205
S60T,ABEXH9715-741A,RCDX40600-1786,D206
S60T,ABEXH9715-741A,RCDX40600-1786,D207
S60T,ABEXH9715-741A,RCDX40600-1786,D208
S60T,ABEXH9715-741A,RCDX40600-1786,D209
S60T,ABEXH9715-741A,RCDX40600-1786,D210
S60T,ABEXH9715-741A,RCDX40600-1786,D211
S60T,ABEXH9715-741A,RCDX40600-1786,D212
S60T,ABEXH9715-741A,QCFX00700-1292,R213
S60T,ABEXH9715-741A,QCFX00700-1292,R212
S60T,ABEXH9715-741A,QCFX00700-1292,R211
S60T,ABEXH9715-741A,QCFX00700-1292,R210
S60T,ABEXH9715-741A,QCFX00700-1292,R206
S60T,ABEXH9715-741A,QCFX00700-1292,R207
S60T,ABEXH9715-741A,QCFX00700-1292,R208
S60T,ABEXH9715-741A,QCFX00700-1292,R209
S60T,ABEXH9715-741A,QCFX00700-1292,R217
S60T,ABEXH9715-741A,QCFX00700-1292,R216
S60T,ABEXH9715-741A,QCFX00700-1292,R215
S60T,ABEXH9715-741A,QCFX00700-1292,R214
S60T,ABEXH9715-741A,QCFX00700-1292,R234
S60T,ABEXH9715-741A,QCFX00700-1292,R235
S60T,ABEXH9715-741A,QCFX00700-1292,R236
S60T,ABEXH9715-741A,QCFX00700-1292,R201
S60T,ABEXH9715-741A,QCFX00700-1292,R202
S60T,ABEXH9715-741A,QCFX00700-1292,R203
S60T,ABEXH9715-741A,QCFX00700-1292,R204
S60T,ABEXH9715-741A,QCFX00700-1292,R205
S60T,ABEXH9715-741A,QCFX00700-1292,R226
S60T,ABEXH9715-741A,QCFX00700-1292,R227
S60T,ABEXH9715-741A,QCFX00700-1292,R228
S60T,ABEXH9715-741A,QCFX00700-1292,R229
S60T,ABEXH9715-741A,QCFX00700-1292,R230
S60T,ABEXH9715-741A,QCFX00700-1292,R231
S60T,ABEXH9715-741A,QCFX00700-1292,R232
S60T,ABEXH9715-741A,QCFX00700-1292,R233
S60T,ABEXH9715-741A,QCFX00700-1292,R218
S60T,ABEXH9715-741A,QCFX00700-1292,R219
S60T,ABEXH9715-741A,QCFX00700-1292,R220
S60T,ABEXH9715-741A,QCFX00700-1292,R221
S60T,ABEXH9715-741A,QCFX00700-1292,R222
S60T,ABEXH9715-741A,QCFX00700-1292,R223
S60T,ABEXH9715-741A,QCFX00700-1292,R224
S60T,ABEXH9715-741A,QCFX00700-1292,R225
S60T,ABEXH9715-741A,QCFX00700-0140,R804
S60T,ABEXH9715-741A,QCFX00700-0140,R803
S60T,ABEXH9715-741A,QCFX00700-0140,R802
S60T,ABEXH9715-741A,QCFX00700-0140,R801
S60T,ABEXH9715-741A,PXLX20300-6158,C204
S60T,ABEXH9715-741A,PXLX20300-6158,C205
S60T,ABEXH9715-741A,PXLX20300-6158,C206
S60T,ABEXH9715-741A,PXLX20300-6158,C207
S60T,ABEXH9715-741A,PXLX20300-6158,C208
S60T,ABEXH9715-741A,PXLX20300-6158,C209
S60T,ABEXH9715-741A,PXLX20300-6048,C201
S60T,ABEXH9715-741A,PXLX20300-6048,C203
S60T,ABEXH9715-741A,PXLX20300-5249,C801
S60T,ABEXH9715-741A,PXLX20300-5249,C802
S60T,ABEXH9715-741A,PXLX20300-5249,C803
S60T,ABEXH9715-741A,PXLX20300-5249,C804
S60T,ABEXH9715-741A,PXLX20300-0254,C202
S60T,ABEXH9715-741A,RCU060308-5001,VT302
S60T,ABEXH9715-741A,RCU060308-5001,VT314
S60T,ABEXH9715-741A,RCU060308-5001,VT311
S60T,ABEXH9715-741A,RCU060308-5001,VT308
S60T,ABEXH9715-741A,RCU060308-5001,VT306
S60T,ABEXH9715-741A,RCU060308-5001,VT304
S60T,ABEXH9715-741A,RCU060308-5001,VT303
S60T,ABEXH9715-741A,RCNX50400-0110,Q311
S60T,ABEXH9715-741A,RCNX50400-0110,Q308
S60T,ABEXH9715-741A,RCNX50400-0110,Q306
S60T,ABEXH9715-741A,RCNX50400-0110,Q304
S60T,ABEXH9715-741A,RCNX50400-0110,Q303
S60T,ABEXH9715-741A,RCNX50400-0110,Q302
S60T,ABEXH9715-741A,RCNX50400-0110,Q314
S60T,ABEXH9715-741A,QCFX00700-1131,R304
S60T,ABEXH9715-741A,QCFX00700-1131,R311
S60T,ABEXH9715-741A,QCFX00700-1131,R303
S60T,ABEXH9715-741A,QCFX00700-1131,R308
S60T,ABEXH9715-741A,QCFX00700-1131,R314
S60T,ABEXH9715-741A,QCFX00700-0779,R315
S60T,ABEXH9715-741A,QCFX00700-0779,R301
S60T,ABEXH9715-741A,QCFX00700-0779,R305
S60T,ABEXH9715-741A,QCFX00700-0779,R310
S60T,ABEXH9715-741A,QCFX00700-0779,R313
S60T,ABEXH9715-741A,QCFX00700-0779,R302
S60T,ABEXH9715-741A,QCFX00700-0779,R306
S60T,ABEXH9715-741A,QCFX00700-0779,R307
S60T,ABEXH9715-741A,QCFX00700-0779,R309
S60T,ABEXH9715-741A,QCFX00700-0779,R312
S60T,ABEXH9715-741A,MCWX40400-1379,SW801
S60T,ABEXH9715-741A,MCWX40400-1379,SW802
S60T,ABEXH9715-741A,MCWX40400-1379,SW805
S60T,ABEXH9715-741A,MCWX40400-1379,SW807
S60T,ABEXH9715-741A,LFAXH8111-447A,PCB
S60T,ABEXH9715-741A,KCDX60100-3837,OP305
S60T,ABEXH9715-741A,KCDX60100-3837,OP304
S60T,ABEXH9715-741A,KCDX60100-3837,OP303
S60T,ABEXH9715-741A,KCDX60100-3837,OP302
S60T,ABEXH9715-741A,KCDX60100-3837,OP301
S60T,ABEXH9715-741A,CCNX70800-3062,CN201
S61T,ABEXH9715-741C,WMC200033-0002,U206
S61T,ABEXH9715-741C,WMC200033-0002,U205
S61T,ABEXH9715-741C,WMC200033-0002,U204
S61T,ABEXH9715-741C,WMC200033-0002,U203
S61T,ABEXH9715-741C,WMC200033-0002,U202
S61T,ABEXH9715-741C,WMC200033-0002,U201
S61T,ABEXH9715-741C,SCB020121-3000,BD202
S61T,ABEXH9715-741C,SCB020121-3000,BD201
S61T,ABEXH9715-741C,RCU160855-5001,VT801
S61T,ABEXH9715-741C,RCU160855-5001,VT802
S61T,ABEXH9715-741C,RCU160855-5001,VT804
S61T,ABEXH9715-741C,RCU160855-5001,VT803
S61T,ABEXH9715-741C,RCDX40600-1786,D204
S61T,ABEXH9715-741C,RCDX40600-1786,D203
S61T,ABEXH9715-741C,RCDX40600-1786,D202
S61T,ABEXH9715-741C,RCDX40600-1786,D201
S61T,ABEXH9715-741C,RCDX40600-1786,D205
S61T,ABEXH9715-741C,RCDX40600-1786,D206
S61T,ABEXH9715-741C,RCDX40600-1786,D207
S61T,ABEXH9715-741C,RCDX40600-1786,D208
S61T,ABEXH9715-741C,RCDX40600-1786,D209
S61T,ABEXH9715-741C,RCDX40600-1786,D210
S61T,ABEXH9715-741C,RCDX40600-1786,D211
S61T,ABEXH9715-741C,RCDX40600-1786,D212
S61T,ABEXH9715-741C,QCFX00700-1292,R213
S61T,ABEXH9715-741C,QCFX00700-1292,R212
S61T,ABEXH9715-741C,QCFX00700-1292,R211
S61T,ABEXH9715-741C,QCFX00700-1292,R210
S61T,ABEXH9715-741C,QCFX00700-1292,R206
S61T,ABEXH9715-741C,QCFX00700-1292,R207
S61T,ABEXH9715-741C,QCFX00700-1292,R208
S61T,ABEXH9715-741C,QCFX00700-1292,R209
S61T,ABEXH9715-741C,QCFX00700-1292,R217
S61T,ABEXH9715-741C,QCFX00700-1292,R216
S61T,ABEXH9715-741C,QCFX00700-1292,R215
S61T,ABEXH9715-741C,QCFX00700-1292,R214
S61T,ABEXH9715-741C,QCFX00700-1292,R234
S61T,ABEXH9715-741C,QCFX00700-1292,R235
S61T,ABEXH9715-741C,QCFX00700-1292,R236
S61T,ABEXH9715-741C,QCFX00700-1292,R201
S61T,ABEXH9715-741C,QCFX00700-1292,R202
S61T,ABEXH9715-741C,QCFX00700-1292,R203
S61T,ABEXH9715-741C,QCFX00700-1292,R204
S61T,ABEXH9715-741C,QCFX00700-1292,R205
S61T,ABEXH9715-741C,QCFX00700-1292,R226
S61T,ABEXH9715-741C,QCFX00700-1292,R227
S61T,ABEXH9715-741C,QCFX00700-1292,R228
S61T,ABEXH9715-741C,QCFX00700-1292,R229
S61T,ABEXH9715-741C,QCFX00700-1292,R230
S61T,ABEXH9715-741C,QCFX00700-1292,R231
S61T,ABEXH9715-741C,QCFX00700-1292,R232
S61T,ABEXH9715-741C,QCFX00700-1292,R233
S61T,ABEXH9715-741C,QCFX00700-1292,R218
S61T,ABEXH9715-741C,QCFX00700-1292,R219
S61T,ABEXH9715-741C,QCFX00700-1292,R220
S61T,ABEXH9715-741C,QCFX00700-1292,R221
S61T,ABEXH9715-741C,QCFX00700-1292,R222
S61T,ABEXH9715-741C,QCFX00700-1292,R223
S61T,ABEXH9715-741C,QCFX00700-1292,R224
S61T,ABEXH9715-741C,QCFX00700-1292,R225
S61T,ABEXH9715-741C,QCFX00700-0140,R804
S61T,ABEXH9715-741C,QCFX00700-0140,R803
S61T,ABEXH9715-741C,QCFX00700-0140,R802
S61T,ABEXH9715-741C,QCFX00700-0140,R801
S61T,ABEXH9715-741C,PXLX20300-6158,C204
S61T,ABEXH9715-741C,PXLX20300-6158,C205
S61T,ABEXH9715-741C,PXLX20300-6158,C206
S61T,ABEXH9715-741C,PXLX20300-6158,C207
S61T,ABEXH9715-741C,PXLX20300-6158,C208
S61T,ABEXH9715-741C,PXLX20300-6158,C209
S61T,ABEXH9715-741C,PXLX20300-6048,C201
S61T,ABEXH9715-741C,PXLX20300-6048,C203
S61T,ABEXH9715-741C,PXLX20300-5249,C801
S61T,ABEXH9715-741C,PXLX20300-5249,C802
S61T,ABEXH9715-741C,PXLX20300-5249,C803
S61T,ABEXH9715-741C,PXLX20300-5249,C804
S61T,ABEXH9715-741C,PXLX20300-0254,C202
S61T,ABEXH9715-741C,RCU060308-5001,VT302
S61T,ABEXH9715-741C,RCU060308-5001,VT314
S61T,ABEXH9715-741C,RCU060308-5001,VT311
S61T,ABEXH9715-741C,RCU060308-5001,VT308
S61T,ABEXH9715-741C,RCU060308-5001,VT306
S61T,ABEXH9715-741C,RCU060308-5001,VT304
S61T,ABEXH9715-741C,RCU060308-5001,VT303
S61T,ABEXH9715-741C,RCNX50400-0110,Q311
S61T,ABEXH9715-741C,RCNX50400-0110,Q308
S61T,ABEXH9715-741C,RCNX50400-0110,Q306
S61T,ABEXH9715-741C,RCNX50400-0110,Q304
S61T,ABEXH9715-741C,RCNX50400-0110,Q303
S61T,ABEXH9715-741C,RCNX50400-0110,Q302
S61T,ABEXH9715-741C,RCNX50400-0110,Q314
S61T,ABEXH9715-741C,QCFX00700-0726,R304
S61T,ABEXH9715-741C,QCFX00700-0726,R311
S61T,ABEXH9715-741C,QCFX00700-0726,R303
S61T,ABEXH9715-741C,QCFX00700-0726,R308
S61T,ABEXH9715-741C,QCFX00700-0726,R314
S61T,ABEXH9715-741C,QCFX00700-0040,R315
S61T,ABEXH9715-741C,QCFX00700-0040,R301
S61T,ABEXH9715-741C,QCFX00700-0040,R305
S61T,ABEXH9715-741C,QCFX00700-0040,R310
S61T,ABEXH9715-741C,QCFX00700-0040,R313
S61T,ABEXH9715-741C,QCFX00700-0040,R302
S61T,ABEXH9715-741C,QCFX00700-0040,R306
S61T,ABEXH9715-741C,QCFX00700-0040,R307
S61T,ABEXH9715-741C,QCFX00700-0040,R309
S61T,ABEXH9715-741C,QCFX00700-0040,R312
S61T,ABEXH9715-741C,MCWX40400-1379,SW801
S61T,ABEXH9715-741C,MCWX40400-1379,SW802
S61T,ABEXH9715-741C,MCWX40400-1379,SW805
S61T,ABEXH9715-741C,MCWX40400-1379,SW807
S61T,ABEXH9715-741C,LFAXH8111-447A,PCB
S61T,ABEXH9715-741C,KCDX60100-3837,OP305
S61T,ABEXH9715-741C,KCDX60100-3837,OP304
S61T,ABEXH9715-741C,KCDX60100-3837,OP303
S61T,ABEXH9715-741C,KCDX60100-3837,OP302
S61T,ABEXH9715-741C,KCDX60100-3837,OP301
S61T,ABEXH9715-741C,CCNX70800-3062,CN201
